Pérez Juan,20080211,Corrientes 348
González Ana M,20080115,Juan de Garay 1111 3er piso dto A
Martínez Carlos,20190722,San Martín 450
Torres Valeria A,20210318,Av. Las Heras 1582 piso 4 dto C
Benítez Jorge,20161205,Sarmiento 220
López Mariana,20201230,Mitre 991 1er piso
Suárez Pablo L,20180510,Belgrano 4453
Ramos Daniela,20171114,Entre Ríos 782
Vega Alberto,20190325,Av. Colón 1335 3er piso
Navarro Julieta,20220609,Catamarca 244
Acosta Sergio H,20170828,Mendoza 510
Giménez Paula,20200103,Alberdi 1022 dto B
